[
    {
        "actionName": "Action",
        "steps": [
            {
                "stepId": "STEP1",
                "stepName": "Url: challenge.flood.io",
                "infFile": "t3.inf",
                "time": 1647315448666
            },
            {
                "stepId": "STEP2",
                "stepName": "Submit Data: start",
                "infFile": "t5.inf",
                "time": 1647315450359
            },
            {
                "stepId": "STEP3",
                "stepName": "Submit Data: start_2",
                "infFile": "t8.inf",
                "time": 1647315451845
            },
            {
                "stepId": "STEP4",
                "stepName": "Submit Data: start_3",
                "infFile": "t12.inf",
                "time": 1647315454132
            },
            {
                "stepId": "STEP5",
                "stepName": "Submit Data: start_4",
                "infFile": "t14.inf",
                "time": 1647315455573
            },
            {
                "stepId": "STEP6",
                "stepName": "Url: code",
                "infFile": "t16.inf",
                "time": 1647315455951
            },
            {
                "stepId": "STEP7",
                "stepName": "Submit Data: start_5",
                "infFile": "t17.inf",
                "time": 1647315457635
            }
        ],
        "transactions": [
            {
                "transactionName": "00_Homepage",
                "rawStartTime": 1647315446134,
                "rawEndTime": 1647315448675,
                "thinkTime": 0.0,
                "wastedTime": 0.0877983570098877
            },
            {
                "transactionName": "01_Start",
                "rawStartTime": 1647315448722,
                "rawEndTime": 1647315450368,
                "thinkTime": 0.0,
                "wastedTime": 0.020203590393066407
            },
            {
                "transactionName": "02_SelectAge",
                "rawStartTime": 1647315450432,
                "rawEndTime": 1647315452522,
                "thinkTime": 0.0,
                "wastedTime": 0.02355337142944336
            },
            {
                "transactionName": "03_SelectOrder",
                "rawStartTime": 1647315452584,
                "rawEndTime": 1647315454136,
                "thinkTime": 0.0,
                "wastedTime": 0.02467489242553711
            },
            {
                "transactionName": "04_ClickNext",
                "rawStartTime": 1647315454183,
                "rawEndTime": 1647315455955,
                "thinkTime": 0.0,
                "wastedTime": 0.022789478302001954
            },
            {
                "transactionName": "05_EnterToken",
                "rawStartTime": 1647315456003,
                "rawEndTime": 1647315457648,
                "thinkTime": 0.0,
                "wastedTime": 0.017142534255981447
            }
        ]
    }
]