[
    {
        "actionName": "Action",
        "steps": [
            {
                "stepId": "STEP1",
                "stepName": "Url: challenge.flood.io",
                "infFile": "t3.inf",
                "time": 1647318294472
            },
            {
                "stepId": "STEP2",
                "stepName": "Submit Data: start",
                "infFile": "t5.inf",
                "time": 1647318296170
            },
            {
                "stepId": "STEP3",
                "stepName": "Submit Data: start_2",
                "infFile": "t8.inf",
                "time": 1647318297648
            },
            {
                "stepId": "STEP4",
                "stepName": "Submit Data: start_3",
                "infFile": "t12.inf",
                "time": 1647318299802
            },
            {
                "stepId": "STEP5",
                "stepName": "Submit Data: start_4",
                "infFile": "t14.inf",
                "time": 1647318301279
            },
            {
                "stepId": "STEP6",
                "stepName": "Url: code",
                "infFile": "t16.inf",
                "time": 1647318301649
            },
            {
                "stepId": "STEP7",
                "stepName": "Submit Data: start_5",
                "infFile": "t17.inf",
                "time": 1647318303395
            }
        ],
        "transactions": [
            {
                "transactionName": "00_Homepage",
                "rawStartTime": 1647318291855,
                "rawEndTime": 1647318294488,
                "thinkTime": 0.0,
                "wastedTime": 0.0930330753326416
            },
            {
                "transactionName": "01_ClickStart",
                "rawStartTime": 1647318294535,
                "rawEndTime": 1647318296179,
                "thinkTime": 0.0,
                "wastedTime": 0.020771265029907228
            },
            {
                "transactionName": "02_SelectAge",
                "rawStartTime": 1647318296242,
                "rawEndTime": 1647318297663,
                "thinkTime": 0.0,
                "wastedTime": 0.02246713638305664
            },
            {
                "transactionName": "03_SelectOrder",
                "rawStartTime": 1647318298247,
                "rawEndTime": 1647318299810,
                "thinkTime": 0.0,
                "wastedTime": 0.026467084884643556
            },
            {
                "transactionName": "04_ClickNext",
                "rawStartTime": 1647318299858,
                "rawEndTime": 1647318301658,
                "thinkTime": 0.0,
                "wastedTime": 0.02545762062072754
            },
            {
                "transactionName": "05_EnterToken",
                "rawStartTime": 1647318301721,
                "rawEndTime": 1647318303408,
                "thinkTime": 0.0,
                "wastedTime": 0.0209200382232666
            }
        ]
    }
]