{
  "FilterHeaders": [
    {
      "Header": "x-requested-with",
      "IncludeInScript": true
    },
    {
      "Header": "x-goog-update-updater",
      "IncludeInScript": true
    },
    {
      "Header": "x-goog-update-interactivity",
      "IncludeInScript": true
    },
    {
      "Header": "x-goog-update-appid",
      "IncludeInScript": true
    },
    {
      "Header": "user-agent",
      "IncludeInScript": false
    },
    {
      "Header": "upgrade-insecure-requests",
      "IncludeInScript": true
    },
    {
      "Header": "sec-fetch-user",
      "IncludeInScript": true
    },
    {
      "Header": "sec-fetch-site",
      "IncludeInScript": true
    },
    {
      "Header": "sec-fetch-mode",
      "IncludeInScript": true
    },
    {
      "Header": "sec-fetch-dest",
      "IncludeInScript": true
    },
    {
      "Header": "sec-ch-ua-platform",
      "IncludeInScript": true
    },
    {
      "Header": "sec-ch-ua-mobile",
      "IncludeInScript": true
    },
    {
      "Header": "sec-ch-ua",
      "IncludeInScript": true
    },
    {
      "Header": "origin",
      "IncludeInScript": true
    },
    {
      "Header": "if-none-match",
      "IncludeInScript": false
    },
    {
      "Header": "cache-control",
      "IncludeInScript": false
    },
    {
      "Header": "authorization",
      "IncludeInScript": true
    },
    {
      "Header": "accept-language",
      "IncludeInScript": false
    },
    {
      "Header": "accept-encoding",
      "IncludeInScript": false
    },
    {
      "Header": "accept",
      "IncludeInScript": false
    },
    {
      "Header": "a-im",
      "IncludeInScript": true
    }
  ],
  "FilterResources": [
    {
      "IsNonResource": false,
      "type": "text/plain"
    },
    {
      "IsNonResource": true,
      "type": "text/html"
    },
    {
      "IsNonResource": false,
      "type": "image/gif"
    },
    {
      "IsNonResource": false,
      "type": "application/octet-stream"
    },
    {
      "IsNonResource": true,
      "type": "application/json"
    }
  ],
  "GeneralInfo": {
    "BrowserVersion": "",
    "IsWinInetMode": false,
    "MaxUsedConnections": 8,
    "RecordedBrowser": "Chrome",
    "RecordingDate": "Mar-14-2022",
    "RecordingDuration": 168125,
    "RecordingMode": "N/A",
    "RecordingTimeStamp": 1647298250,
    "RecordingType": "Browser",
    "TotalBytesReceived": 14730,
    "TotalBytesSent": 46829,
    "TotalRequests": 21,
    "UserAgent": "Mozilla/5.0 (Windows NT 10.0; Win64; x64) AppleWebKit/537.36 (KHTML, like Gecko) Chrome/99.0.4844.51 Safari/537.36"
  },
  "HostInfo": [
    {
      "DomainName": "gvt1.com",
      "Domains": [
        {
          "HTTPVersion": "HTTP/1.1",
          "IP": "34.104.35.123",
          "IncludeInScript": true,
          "Name": "edgedl.me.gvt1.com",
          "Port": 80,
          "Requests": [
            {
              "CompressionType": "",
              "DataType": "application/octet-stream",
              "DownloadTime": 15,
              "EventId": 163,
              "HttpStatus": 200,
              "Size": 3849,
              "URL": "http://edgedl.me.gvt1.com/edgedl/delta-update/jflookgnkcckhobaglndicnbbgbonegd/1.6a0fd34aa25746f0521bf72c4175bfa20aa77842f477f685bb8789cdaced8e9f/1.28d42883451514ec6a6380a754b1257eb3e9f0c992cb4f0d2741a809e343e356/33a6bccfe60d1f92a47369f01ba72b65889f311beec7515c071b17fcbf94824c.crxd"
            }
          ],
          "SSLCipher": "None",
          "SSLVersion": "None"
        }
      ],
      "IncludeInScript": true
    },
    {
      "DomainName": "googleapis.com",
      "Domains": [
        {
          "HTTPVersion": "HTTP/1.1",
          "IP": "172.217.167.67",
          "IncludeInScript": true,
          "Name": "update.googleapis.com",
          "Port": 443,
          "Requests": [
            {
              "CompressionType": "gzip",
              "DataType": "application/json",
              "DownloadTime": 203,
              "EventId": 194,
              "HttpStatus": 200,
              "Size": 183,
              "URL": "https://update.googleapis.com/service/update2/json"
            },
            {
              "CompressionType": "gzip",
              "DataType": "application/json",
              "DownloadTime": 250,
              "EventId": 153,
              "HttpStatus": 200,
              "Size": 1449,
              "URL": "https://update.googleapis.com/service/update2/json?cup2key=11:RgIAPC44rCJn5vBDbrRthMjCazlr4mTtfmvk64fbuhs&cup2hreq=10944c1a43fc8d7f5d725c854b31ea686785ce277d28da6c3e3134f6cd1cd3e5"
            }
          ],
          "SSLCipher": "TLS_AES_256_GCM_SHA384",
          "SSLVersion": "TLS1.3"
        },
        {
          "HTTPVersion": "HTTP/1.1",
          "IP": "142.250.66.227",
          "IncludeInScript": true,
          "Name": "clientservices.googleapis.com",
          "Port": 443,
          "Requests": [
            {
              "CompressionType": "",
              "DataType": "",
              "DownloadTime": 140,
              "EventId": 28,
              "HttpStatus": 304,
              "Size": 0,
              "URL": "https://clientservices.googleapis.com/chrome-variations/seed?osname=win&channel=stable&milestone=99"
            }
          ],
          "SSLCipher": "TLS_AES_256_GCM_SHA384",
          "SSLVersion": "TLS1.3"
        }
      ],
      "IncludeInScript": true
    },
    {
      "DomainName": "google.com",
      "Domains": [
        {
          "HTTPVersion": "HTTP/1.1",
          "IP": "172.217.24.46",
          "IncludeInScript": true,
          "Name": "android.clients.google.com",
          "Port": 443,
          "Requests": [
            {
              "CompressionType": "gzip",
              "DataType": "text/plain",
              "DownloadTime": 187,
              "EventId": 116,
              "HttpStatus": 200,
              "Size": 166,
              "URL": "https://android.clients.google.com/c2dm/register3"
            },
            {
              "CompressionType": "gzip",
              "DataType": "text/plain",
              "DownloadTime": 187,
              "EventId": 114,
              "HttpStatus": 200,
              "Size": 167,
              "URL": "https://android.clients.google.com/c2dm/register3"
            }
          ],
          "SSLCipher": "TLS_AES_256_GCM_SHA384",
          "SSLVersion": "TLS1.3"
        }
      ],
      "IncludeInScript": true
    },
    {
      "DomainName": "flood.io",
      "Domains": [
        {
          "HTTPVersion": "HTTP/1.1",
          "IP": "35.81.58.19",
          "IncludeInScript": true,
          "Name": "challenge.flood.io",
          "Port": 443,
          "Requests": [
            {
              "CompressionType": "gzip",
              "DataType": "text/html",
              "DownloadTime": 172,
              "EventId": 263,
              "HttpStatus": 200,
              "Size": 924,
              "URL": "https://challenge.flood.io/done"
            },
            {
              "CompressionType": "",
              "DataType": "text/html",
              "DownloadTime": 344,
              "EventId": 261,
              "HttpStatus": 302,
              "Size": 97,
              "URL": "https://challenge.flood.io/start"
            },
            {
              "CompressionType": "",
              "DataType": "application/json",
              "DownloadTime": 156,
              "EventId": 253,
              "HttpStatus": 200,
              "Size": 19,
              "URL": "https://challenge.flood.io/code"
            },
            {
              "CompressionType": "gzip",
              "DataType": "text/html",
              "DownloadTime": 203,
              "EventId": 251,
              "HttpStatus": 200,
              "Size": 1121,
              "URL": "https://challenge.flood.io/step/5"
            },
            {
              "CompressionType": "",
              "DataType": "text/html",
              "DownloadTime": 343,
              "EventId": 247,
              "HttpStatus": 302,
              "Size": 99,
              "URL": "https://challenge.flood.io/start"
            },
            {
              "CompressionType": "gzip",
              "DataType": "text/html",
              "DownloadTime": 172,
              "EventId": 232,
              "HttpStatus": 200,
              "Size": 1009,
              "URL": "https://challenge.flood.io/step/4"
            },
            {
              "CompressionType": "",
              "DataType": "text/html",
              "DownloadTime": 328,
              "EventId": 228,
              "HttpStatus": 302,
              "Size": 99,
              "URL": "https://challenge.flood.io/start"
            },
            {
              "CompressionType": "gzip",
              "DataType": "text/html",
              "DownloadTime": 172,
              "EventId": 209,
              "HttpStatus": 200,
              "Size": 2000,
              "URL": "https://challenge.flood.io/step/3"
            },
            {
              "CompressionType": "",
              "DataType": "text/html",
              "DownloadTime": 344,
              "EventId": 207,
              "HttpStatus": 302,
              "Size": 99,
              "URL": "https://challenge.flood.io/start"
            },
            {
              "CompressionType": "gzip",
              "DataType": "text/html",
              "DownloadTime": 187,
              "EventId": 200,
              "HttpStatus": 200,
              "Size": 1381,
              "URL": "https://challenge.flood.io/step/2"
            },
            {
              "CompressionType": "",
              "DataType": "text/html",
              "DownloadTime": 375,
              "EventId": 198,
              "HttpStatus": 302,
              "Size": 99,
              "URL": "https://challenge.flood.io/start"
            },
            {
              "CompressionType": "gzip",
              "DataType": "text/html",
              "DownloadTime": 187,
              "EventId": 30,
              "HttpStatus": 200,
              "Size": 1840,
              "URL": "https://challenge.flood.io/"
            }
          ],
          "SSLCipher": "",
          "SSLVersion": ""
        }
      ],
      "IncludeInScript": true
    },
    {
      "DomainName": "adobe.com",
      "Domains": [
        {
          "HTTPVersion": "HTTP/1.1",
          "IP": "63.140.56.185",
          "IncludeInScript": true,
          "Name": "sstats.adobe.com",
          "Port": 443,
          "Requests": [
            {
              "CompressionType": "",
              "DataType": "image/gif",
              "DownloadTime": 31,
              "EventId": 100,
              "HttpStatus": 200,
              "Size": 43,
              "URL": "https://sstats.adobe.com/b/ss/adbcreatepdfplugin.prod/1/JS-1.6/s72327331730886?AQB=1&ndh=1&pf=1&t=15%2F2%2F2022%209%3A50%3A55%202%20-660&fid=1669212DA82FFA6E-30A15753EFF66043&ce=UTF-8&pageName=DCBrowserExt%3AOS%3Awin%3AOp&g=chrome-extension%3A%2F%2Fefaidnbmnnnibpcajpcglclefindmkaj%2F_generated_background_page.html&v1=15.1.3.9&v2=sideload&v3=prod&v4=unknown&AQE=1"
            },
            {
              "CompressionType": "",
              "DataType": "image/gif",
              "DownloadTime": 31,
              "EventId": 98,
              "HttpStatus": 200,
              "Size": 43,
              "URL": "https://sstats.adobe.com/b/ss/adbcreatepdfplugin.prod/1/JS-1.6/s76447395596061?AQB=1&ndh=1&pf=1&t=15%2F2%2F2022%209%3A50%3A55%202%20-660&fid=1669212DA82FFA6E-30A15753EFF66043&ce=UTF-8&pageName=DCBrowserExt%3AExtension%3AStartup%3AOp&g=chrome-extension%3A%2F%2Fefaidnbmnnnibpcajpcglclefindmkaj%2F_generated_background_page.html&v1=15.1.3.9&v2=sideload&v3=prod&v4=unknown&AQE=1"
            },
            {
              "CompressionType": "",
              "DataType": "image/gif",
              "DownloadTime": 31,
              "EventId": 94,
              "HttpStatus": 200,
              "Size": 43,
              "URL": "https://sstats.adobe.com/b/ss/adbcreatepdfplugin.prod/1/JS-1.6/s72404434351353?AQB=1&ndh=1&pf=1&t=15%2F2%2F2022%209%3A50%3A55%202%20-660&fid=1669212DA82FFA6E-30A15753EFF66043&ce=UTF-8&pageName=DCBrowserExt%3AShim%3AVersion%3AUnknown%3AOp&g=chrome-extension%3A%2F%2Fefaidnbmnnnibpcajpcglclefindmkaj%2F_generated_background_page.html&v1=15.1.3.9&v2=sideload&v3=prod&v4=not_set&s=1280x720&c=24&j=1.6&v=N&k=Y&bh=8&AQE=1"
            }
          ],
          "SSLCipher": "TLS_AES_256_GCM_SHA384",
          "SSLVersion": "TLS1.3"
        }
      ],
      "IncludeInScript": true
    }
  ],
  "WebSocket": {
    "IncludeInScript": false,
    "IsScriptIncludeWebSocket": false
  },
  "NumberOfCorrelations": 7
}